id,title
1bd5dfdagggonxczc7smhllg,니들펠트
522txgxi7ir17efk7hwx3e61,인문학
jefday4zwteh0otdnxnk9fhr,요가
nfvpfsskoq6j24h2yni5ycec,요리/음료
ude19x8iw10z11ud82oxbg27,운동
b3wque729di1hflki23xf0kj,위빙
sf1dztiasmhrxdq6f4g1fxsq,디자인
7qlthep14ka7isaeo25g31l2,음악
by4d45n02aengveya3e92j5d,스포츠
f323d60yuc20u1hwixzfjpj1,DIY
f52kfwe2bifkywigz1w902dj,여행
aw5mat1umas69zo65jxgqjvm,사진/영상
8ll0dschcgw4opy5oqoxi1kg,클래스 A to Z
jw8qra1xook16b3trf4lprtm,개발
wx810hbd2bcxxkjr23ct2ghk,영화
zm261kq2ka5j2ma4vxfi8p56,댄스
3s1rh4dgricnul21gc982fab,미술
b604hf4cffgx9b5uovoa05p0,홈/인테리어
v0ztv9x3af97gbeaqk5alcnu,공예
sk130d039nnhpji7zcyodv79,디지털 드로잉
gbb30n80777smjgr7k7gk9pg,라이프 스타일
cqmkw7989i7fo1edfg9uiyq4,캘리그래피
go50h7s5mz70dn8fbeb39nif,디자인/개발
xybtk0z9as3s2zfsji43jzu5,실과 바늘
db6iqlhz68078snuryyj0tky,시그니처
ut7adk0dupf8l7paf0obhqse,커리어
t3flo20mjvz86cmbk80yc81a,EASY DIY
dgref92ym3y4vs8o572q7iu1,굿즈
78np639qmihkjlos0x8gen7m,미술재료
bke1ovadb2i74ihvmncbcsp3,공예재료
r0tg795vy8k61ujly45s6ea7,디지털기기/ACC
yrb95fg1n2c4go5nzb3or0uh,악기/음악
q7jz0s3chzqrtkpanq5qg8zi,헬스/뷰티/ACC
bctk1mygg5cuxqzvg2tj20xh,인테리어/소품
jfk4ei9nrsk7fxatyywmvtzm,푸드/키친
cwedylzb8kdksq3nc93ll1x6,문구/도서
czfq6au77slio52s9g8424ok,기타
9m11z3tcqq2pdkpakslcz02u,부업/창업/재테크
psmwe48zhllmzy4kp1peakw7,자기계발
u3c52mjdeyk8jojul909p8xi,직무
4xkryeobp3cdpg4e50zzouds,운동
